id;nome;cpf;gerero;nascimento
1;Group architectures analyzing;Metal functionalities AGP;F;2022-04-19
2;unleash Gostoso;zero fuligem Salsicha;M;2022-04-20
3;evolve Jóias Lustroso;TCP B2B Integrated;F;2022-04-20
4;contextually-based Camiseta XML;Consultant;F;2022-04-20
5;Bedfordshire;Market bandwidth;M;2022-04-19
6;Sergipe EXE;Corporate transmit Jardim;M;2022-04-20
7;Concreto Market;Multi-tiered mão seize;F;2022-04-19
8;GB;Acre Janeiro deposit;F;2022-04-20
9;Account ubiquitous;navigate Manager;M;2022-04-20
10;Assurance Gostoso São;Factors Rodovia Managed;M;2022-04-20
